personid,value
1,2439.798476823931
2,11922.332807309642
